{
  "coordenadas": {
    "JILOYORK": [
      195708.7,
      993159.3
    ],
    "MORELOS": [
      18.92256998916627,
      -99.23495478216566
    ],
    "CDMX": [
      19.43280876164703,
      -99.13334105118217
    ],
    "HGO": [
      20.606315001876514,
      -99.24204926476969
    ],
    "QRO": [
      20.593447100205406,
      -100.39005130695465
    ],
    "SLP": [
      22.156055538736886,
      -100.96973806153706
    ],
    "AGS": [
      21.886985868996973,
      -102.26257186191842
    ],
    "SONORA": [
      19.43274978622343,
      -99.13337579180093
    ],
    "MEXICALI": [
      32.62387398602895,
      -115.44288546017057
    ],
    "MTY": [
      25.679620689238646,
      -100.32659620815436
    ],
    "CANCUN": [
      21.16305168506261,
      -86.84851201070536
    ],
    "VERACRUZ": [
      19.17340281546385,
      -96.13544703506811
    ],
    "PUERTO ESCONDIDO": [
      15.868715523335222,
      -98.0815535092282
    ]
  },
  "conexiones": {
    "JILOYORK": {
      "CDMX": 125,
      "QRO": 513
    },
    "MORELOS": {
      "QRO": 425
    },
    "CDMX": {
      "JILOYORK": 125,
      "QRO": 423,
      "HGO": 491
    },
    "HGO": {
      "CDMX": 491,
      "QRO": 351,
      "MEXICALI": 309,
      "MTY": 346
    },
    "QRO": {
      "SLP": 203,
      "MORELOS": 514,
      "JILOYORK": 513,
      "CDMX": 423,
      "MTY": 603,
      "SONORA": 437,
      "HGO": 356,
      "MEXICALI": 313,
      "AGS": 599,
      "CANCUN": 400.0
    },
    "SLP": {
      "AGS": 390,
      "QRO": 203
    },
    "AGS": {
      "SLP": 390,
      "QRO": 599
    },
    "SONORA": {
      "QRO": 437,
      "MEXICALI": 394
    },
    "MEXICALI": {
      "MTY": 296,
      "HGO": 309,
      "QRO": 313,
      "PUERTO ESCONDIDO": 700.0
    },
    "MTY": {
      "MEXICALI": 296,
      "QRO": 603,
      "HGO": 436,
      "VERACRUZ": 460.0
    },
    "CANCUN": {
      "QRO": 400.0
    },
    "VERACRUZ": {
      "MTY": 460.0
    },
    "PUERTO ESCONDIDO": {
      "MEXICALI": 700.0
    }
  }
}